﻿<parameters>
  <parameter name="IIS Web Application Name" defaultValue="Default Web Site/Khruphanth_deploy" tags="IisApp">
    <parameterEntry kind="ProviderPath" scope="IisApp" match="^C:\\Users\\TAESOFREE\\Desktop\\Khruphanth\\Khruphanth\\obj\\Release\\Package\\PackageTmp$" />
    <parameterEntry kind="ProviderPath" scope="setAcl" match="^C:\\Users\\TAESOFREE\\Desktop\\Khruphanth\\Khruphanth\\obj\\Release\\Package\\PackageTmp$" />
  </parameter>
  <parameter name="ComCSDBConnectionString-Web.config Connection String" defaultValue="data source=10.0.0.228,1443;initial catalog=ComCSDB;user id=student;password=12345;MultipleActiveResultSets=True">
    <parameterEntry kind="XmlFile" scope="C:\\Users\\TAESOFREE\\Desktop\\Khruphanth\\Khruphanth\\obj\\Release\\Package\\PackageTmp\\Web\.config$" match="/configuration/connectionStrings/add[@name='ComCSDBConnectionString']/@connectionString" />
  </parameter>
  <parameter name="ComCSDBEntities-Web.config Connection String" defaultValue="metadata=res://*/Models.Model1.csdl|res://*/Models.Model1.ssdl|res://*/Models.Model1.msl;provider=System.Data.SqlClient;provider connection string=&quot;data source=DESKTOP-8O45V40\SQLEXPRESS;initial catalog=ComCSDB;integrated security=True;MultipleActiveResultSets=True;App=EntityFramework&quot;">
    <parameterEntry kind="XmlFile" scope="C:\\Users\\TAESOFREE\\Desktop\\Khruphanth\\Khruphanth\\obj\\Release\\Package\\PackageTmp\\Web\.config$" match="/configuration/connectionStrings/add[@name='ComCSDBEntities']/@connectionString" />
  </parameter>
</parameters>